[
  {
    "emotion": "neutral",
    "text": "Hello, this is a test of the speech recognition system.",
    "timestamp": "2025-04-02T00:48:54.668265",
    "source": "text",
    "intensity": 0.5,
    "session_id": "2eba6590-2ee4-4203-aa4e-dce29b6223ed"
  },
  {
    "emotion": "neutral",
    "text": "Hello, this is a test of the speech recognition system.",
    "timestamp": "2025-04-02T00:52:24.504450",
    "source": "text",
    "intensity": 0.5,
    "session_id": "2eba6590-2ee4-4203-aa4e-dce29b6223ed"
  },
  {
    "emotion": "neutral",
    "text": "Hello, this is a test of the speech recognition system.",
    "timestamp": "2025-04-02T08:55:16.953868",
    "source": "text",
    "intensity": 0.5,
    "session_id": "eb11c67f-6fd6-43ef-b9eb-98800a5e43e8"
  },
  {
    "emotion": "neutral",
    "text": "Hello, this is a test of the speech recognition system.",
    "timestamp": "2025-04-02T08:55:43.134024",
    "source": "text",
    "intensity": 0.5,
    "session_id": "eb11c67f-6fd6-43ef-b9eb-98800a5e43e8"
  },
  {
    "emotion": "happy",
    "text": "Testing emotion logging",
    "timestamp": "2025-04-02T10:56:06.931886",
    "source": "test",
    "intensity": 0.8,
    "session_id": "d34e2c4d-ffd8-4ad9-bbeb-2ae642845131"
  },
  {
    "emotion": "happy",
    "text": "I am feeling happy and excited today!",
    "timestamp": "2025-04-02T21:00:09.839210",
    "source": "text",
    "intensity": 0.75,
    "session_id": "d98cb5a9-b913-4717-a4ad-49323fc71682"
  },
  {
    "emotion": "excited",
    "text": "I am feeling quite excited about the enhanced emotion analysis system!",
    "timestamp": "2025-04-02T21:01:52.611409",
    "source": "text",
    "intensity": 1.0,
    "session_id": "7a3c3fcb-218b-452e-bcbb-e55e2b5ba8ee"
  },
  {
    "emotion": "happy",
    "text": "I am feeling happy with this new emotion tracking system!",
    "timestamp": "2025-04-02T21:02:17.182086",
    "source": "text",
    "intensity": 0.5,
    "session_id": "55b94bb1-1e03-490f-b1fe-c5b6a39543a8"
  },
  {
    "emotion": "sad",
    "text": "I am a bit disappointed that some features are not yet complete.",
    "timestamp": "2025-04-02T21:02:36.694942",
    "source": "text",
    "intensity": 0.5,
    "session_id": "2bcc5362-e02d-4f09-a076-09258171a5c6"
  },
  {
    "emotion": "excited",
    "text": "But I am excited about the potential of the emotion analysis system!",
    "timestamp": "2025-04-02T21:02:47.220856",
    "source": "text",
    "intensity": 0.5,
    "session_id": "03ee2eba-7014-4b39-ab28-af72c2181483"
  },
  {
    "emotion": "neutral",
    "text": "\u0623\u0646\u0627 \u0633\u0639\u064a\u062f \u062c\u062f\u0627 \u0627\u0644\u064a\u0648\u0645 \u0628\u0647\u0630\u0627 \u0627\u0644\u0627\u062e\u062a\u0628\u0627\u0631 \u0648\u0623\u0634\u0639\u0631 \u0628\u0627\u0644\u0625\u0646\u062c\u0627\u0632",
    "timestamp": "2025-04-02T21:12:51.836635",
    "source": "text",
    "intensity": 0.1,
    "session_id": "5065e588-0293-49b7-923c-49167c9d85cf"
  },
  {
    "emotion": "neutral",
    "text": "\u0623\u0646\u0627 \u0633\u0639\u064a\u062f \u062c\u062f\u0627 \u0627\u0644\u064a\u0648\u0645!",
    "timestamp": "2025-04-02T21:38:41.407753",
    "source": "text",
    "intensity": 0.1,
    "session_id": "ca047c0b-0db2-4fd4-b08a-218451396cd9"
  }
]